{"SNAP": {"equity_weight": 0.1428911000515675, "weight_master_action": 0.4996912335360647}, "CPE": {"equity_weight": 0.1429830345283228, "weight_master_action": 0.49998107061052827}, "DNR": {"equity_weight": 0.14293888161464643, "weight_master_action": 0.4998417964874984}, "VAL": {"equity_weight": 0.14279632761166372, "weight_master_action": 0.4993259790379581}, "CDEV": {"equity_weight": 0.14283748206352745, "weight_master_action": 0.49951179629978826}, "AR": {"equity_weight": 0.1424455985766368, "weight_master_action": 0.49865930141751635}, "NBR": {"equity_weight": 0.1431075755536352, "weight_master_action": 0.5000881295705216}}